timestamp,sensor_torque,sensor_rpm,act_target_torque,act_target_velocity,load_target_torque,load_target_velocity,act_torque,act_vel,act_pos,load_torque,load_vel,load_pos
23:09:37.311,0.0,0,0,0,0,0,39,0,0,19,0,0
23:09:37.321,0.0,0,0,0,0,0,16,0,0,-34,0,0
23:09:37.331,0.0,0,0,0,0,0,74,0,0,-81,0,0
23:09:37.341,0.0,0,0,0,0,0,-2,0,0,-63,0,0
23:09:37.351,0.0,0,0,0,0,0,50,0,0,50,0,0
23:09:37.362,0.0,0,0,0,0,0,10,0,0,-8,0,0
23:09:37.372,0.0,0,0,0,0,0,13,0,0,22,0,0
23:09:37.382,0.0,0,0,0,0,0,-34,0,0,32,0,0
23:09:37.392,0.0,0,0,0,0,0,-21,0,0,-23,0,0
23:09:37.402,0.0,0,0,0,0,0,-5,0,0,-12,0,0
23:09:37.412,0.0,0,0,0,0,0,35,0,0,-12,0,0
23:09:37.422,0.0,0,0,0,0,0,20,0,0,-2,0,0
23:09:37.433,0.0,0,0,0,0,0,23,0,0,-1,0,0
23:09:37.443,0.0,0,0,0,0,0,-34,0,0,-14,0,0
23:09:37.453,0.0,0,0,0,0,0,-15,0,0,-15,0,0
23:09:37.463,0.0,0,0,0,0,0,-16,0,0,-21,0,0
23:09:37.473,0.0,0,0,0,0,0,-34,0,0,-8,0,0
23:09:37.483,0.0,0,0,0,0,0,17,0,0,-7,0,0
23:09:37.493,0.0,0,0,0,0,0,0,0,0,-77,0,0
23:09:37.503,0.0,0,0,0,0,0,16,0,0,-87,0,0
23:09:37.514,0.0,0,0,0,0,0,-25,0,0,-30,0,0
23:09:37.524,0.0,0,0,0,0,0,-29,0,0,24,0,0
23:09:37.534,0.0,0,0,0,0,0,-34,0,0,-23,0,0
23:09:37.544,0.0,0,0,0,0,0,37,0,0,10,0,0
23:09:37.554,0.0,0,0,0,0,0,-54,0,0,5,0,0
23:09:37.564,0.0,0,0,0,0,0,0,0,0,-8,0,0
23:09:37.574,0.0,0,0,0,0,0,-8,0,0,6,0,0
23:09:37.584,0.0,0,0,0,0,0,-50,0,0,-28,0,0
23:09:37.594,0.0,0,0,0,0,0,-75,0,0,-67,0,0
23:09:37.605,0.0,0,0,0,0,0,11,0,0,30,0,0
23:09:37.615,0.0,0,0,0,0,0,39,0,0,39,0,0
23:09:37.625,0.0,0,0,0,0,0,34,0,0,-45,0,0
23:09:37.635,0.0,0,0,0,0,0,25,0,0,-72,0,0
23:09:37.645,0.0,0,0,0,0,0,-75,0,0,3,0,0
23:09:37.655,0.0,0,0,0,0,0,4,0,0,18,0,0
23:09:37.665,0.0,0,0,0,0,0,37,0,0,47,0,0
23:09:37.676,0.0,0,0,0,0,0,-49,0,0,8,0,0
23:09:37.686,0.0,0,0,0,0,0,-63,0,0,-50,0,0
23:09:37.696,0.0,0,0,0,0,0,-6,0,0,-23,0,0
23:09:37.706,0.0,0,0,0,0,0,19,0,0,74,0,0
23:09:37.716,0.0,0,0,0,0,0,-52,0,0,33,0,0
23:09:37.726,0.0,0,0,0,0,0,2,0,0,-38,0,0
23:09:37.736,0.0,0,0,0,0,0,9,0,0,42,0,0
23:09:37.747,0.0,0,0,0,0,0,36,0,0,-21,0,0
23:09:37.757,0.0,0,0,0,0,0,61,0,0,-9,0,0
23:09:37.767,0.0,0,0,0,0,0,65,0,0,-26,0,0
23:09:37.777,0.0,0,0,0,0,0,65,0,0,77,0,0
23:09:37.787,0.0,0,0,0,0,0,44,0,0,18,0,0
23:09:37.797,0.0,0,0,0,0,0,26,0,0,-5,0,0
23:09:37.807,0.0,0,0,0,0,0,27,0,0,72,0,0
23:09:37.817,0.0,0,0,0,0,0,5,0,0,16,0,0
23:09:37.828,0.0,0,0,0,0,0,-26,0,0,-21,0,0
23:09:37.838,0.0,0,0,0,0,0,37,0,0,66,0,0
23:09:37.848,0.0,0,0,0,0,0,-54,0,0,9,0,0
23:09:37.858,0.0,0,0,0,0,0,-82,0,0,-1,0,0
23:09:37.868,0.0,0,0,0,0,0,15,0,0,66,0,0
23:09:37.878,0.0,0,0,0,0,0,6,0,0,-48,0,0
23:09:37.888,0.0,0,0,0,0,0,7,0,0,21,0,0
23:09:37.898,0.0,0,0,0,0,0,-18,0,0,6,0,0
23:09:37.909,0.0,0,0,0,0,0,-86,0,0,9,0,0
23:09:37.919,0.0,0,0,0,0,0,12,0,0,-25,0,0
23:09:37.929,0.0,0,0,0,0,0,-8,0,0,2,0,0
23:09:37.939,0.0,0,0,0,0,0,49,0,0,-67,0,0
23:09:37.949,0.0,0,0,0,0,0,8,0,0,62,0,0
23:09:37.959,0.0,0,0,0,0,0,2,0,0,52,0,0
23:09:37.969,0.0,0,0,0,0,0,17,0,0,20,0,0
23:09:37.979,0.0,0,0,0,0,0,-23,0,0,-39,0,0
23:09:37.989,0.0,0,0,0,0,0,-32,0,0,-5,0,0
23:09:37.999,0.0,0,0,0,0,0,39,0,0,31,0,0
23:09:38.010,0.0,0,0,0,0,0,-5,0,0,39,0,0
23:09:38.020,0.0,0,0,0,0,0,-6,0,0,9,0,0
23:09:38.025,0.0,0,0,0,0,0,-63,0,0,-23,0,0
23:09:38.040,0.0,0,0,0,0,0,44,0,0,43,0,0
23:09:38.045,0.0,0,0,0,0,0,63,0,0,-25,0,0
23:09:38.055,0.0,0,0,0,0,0,31,0,0,-20,0,0
23:09:38.065,0.0,0,0,0,0,0,-16,0,0,37,0,0
23:09:38.075,0.0,0,0,0,0,0,44,0,0,23,0,0
23:09:38.085,0.0,0,0,0,0,0,-11,0,0,-84,0,0
23:09:38.096,0.0,0,0,0,0,0,1,0,0,-26,0,0
23:09:38.106,0.0,0,0,0,0,0,-19,0,0,75,0,0
23:09:38.116,0.0,0,0,0,0,0,49,0,0,34,0,0
23:09:38.126,0.0,0,0,0,0,0,58,0,0,-36,0,0
23:09:38.136,0.0,0,0,0,0,0,48,0,0,18,0,0
23:09:38.146,0.0,0,0,0,0,0,12,0,0,23,0,0
23:09:38.161,0.0,0,0,0,0,0,31,0,0,8,0,0
23:09:38.166,0.0,0,0,0,0,0,10,0,0,-59,0,0
23:09:38.176,0.0,0,0,0,0,0,34,0,0,-51,0,0
23:09:38.187,0.0,0,0,0,0,0,-82,0,0,-21,0,0
23:09:38.197,0.0,0,0,0,0,0,-61,0,0,13,0,0
23:09:38.207,0.0,0,0,0,0,0,-55,0,0,-38,0,0
23:09:38.217,0.0,0,0,0,0,0,37,0,0,40,0,0
23:09:38.227,0.0,0,0,0,0,0,31,0,0,12,0,0
23:09:38.237,0.0,0,0,0,0,0,-44,0,0,23,0,0
23:09:38.247,0.0,0,0,0,0,0,6,0,0,68,0,0
23:09:38.257,0.0,0,0,0,0,0,-33,0,0,58,0,0
23:09:38.267,0.0,0,0,0,0,0,20,0,0,56,0,0
23:09:38.278,0.0,0,0,0,0,0,15,0,0,-42,0,0
23:09:38.288,0.0,0,0,0,0,0,37,0,0,-41,0,0
23:09:38.298,0.0,0,0,0,0,0,-2,0,0,2,0,0
23:09:38.308,0.0,0,0,0,0,0,10,0,0,16,0,0
23:09:38.318,0.0,0,0,0,0,0,95,0,0,4,0,0
23:09:38.343,0.0,0,0,0,0,0,-23,0,0,-21,0,0
23:09:38.353,0.0,0,0,0,0,0,-48,0,0,5,0,0
23:09:38.364,0.0,0,0,0,0,0,-34,0,0,-63,0,0
23:09:38.374,0.0,0,0,0,0,0,36,0,0,0,0,0
23:09:38.384,0.0,0,0,0,0,0,61,0,0,0,0,0
23:09:38.394,0.0,0,0,0,0,0,19,0,0,-14,0,0
23:09:38.404,0.0,0,0,0,0,0,17,0,0,-67,0,0
23:09:38.414,0.0,0,0,0,0,0,-39,0,0,-26,0,0
23:09:38.424,0.0,0,0,0,0,0,-25,0,0,39,0,0
23:09:38.434,0.0,0,0,0,0,0,-15,0,0,-19,0,0
23:09:38.444,0.0,0,0,0,0,0,-71,0,0,-1,0,0
23:09:38.460,0.0,0,0,0,0,0,70,0,0,9,0,0
23:09:38.465,0.0,0,0,0,0,0,55,0,0,23,0,0
23:09:38.475,0.0,0,0,0,0,0,-6,0,0,6,0,0
23:09:38.485,0.0,0,0,0,0,0,23,0,0,-84,0,0
23:09:38.495,0.0,0,0,0,0,0,44,0,0,56,0,0
23:09:38.505,0.0,0,0,0,0,0,-53,0,0,44,0,0
23:09:38.515,0.0,0,0,0,0,0,2,0,0,39,0,0
23:09:38.525,0.0,0,0,0,0,0,-50,0,0,-22,0,0
23:09:38.535,0.0,0,0,0,0,0,-3,0,0,37,0,0
23:09:38.546,0.0,0,0,0,0,0,0,0,0,-9,0,0
23:09:38.556,0.0,0,0,0,0,0,-34,0,0,6,0,0
23:09:38.566,0.0,0,0,0,0,0,9,0,0,15,0,0
23:09:38.576,0.0,0,0,0,0,0,58,0,0,20,0,0
23:09:38.586,0.0,0,0,0,0,0,9,0,0,9,0,0
23:09:38.596,0.0,0,0,0,0,0,-17,0,0,-66,0,0
23:09:38.606,0.0,0,0,0,0,0,30,0,0,65,0,0
23:09:38.616,0.0,0,0,0,0,0,-29,0,0,-61,0,0
23:09:38.627,0.0,0,0,0,0,0,27,0,0,52,0,0
23:09:38.637,0.0,0,0,0,0,0,-25,0,0,51,0,0
23:09:38.647,0.0,0,0,0,0,0,-48,0,0,24,0,0
23:09:38.657,0.0,0,0,0,0,0,46,0,0,33,0,0
23:09:38.667,0.0,0,0,0,0,0,-21,0,0,-65,0,0
23:09:38.677,0.0,0,0,0,0,0,46,0,0,1,0,0
23:09:38.687,0.0,0,0,0,0,0,-66,0,0,29,0,0
23:09:38.702,0.0,0,0,0,0,0,44,0,0,-35,0,0
23:09:38.712,0.0,0,0,0,0,0,-13,0,0,20,0,0
23:09:38.717,0.0,0,0,0,0,0,4,0,0,-42,0,0
23:09:38.728,0.0,0,0,0,0,0,56,0,0,7,0,0
23:09:38.738,0.0,0,0,0,0,0,-63,0,0,6,0,0
23:09:38.748,0.0,0,0,0,0,0,14,0,0,6,0,0
23:09:38.758,0.0,0,0,0,0,0,11,0,0,-2,0,0
23:09:38.768,0.0,0,0,0,0,0,-17,0,0,60,0,0
23:09:38.778,0.0,0,0,0,0,0,-5,0,0,9,0,0
23:09:38.788,0.0,0,0,0,0,0,15,0,0,0,0,0
23:09:38.798,0.0,0,0,0,0,0,-63,0,0,-47,0,0
23:09:38.808,0.0,0,0,0,0,0,-64,0,0,-57,0,0
23:09:38.819,0.0,0,0,0,0,0,-54,0,0,-32,0,0
23:09:38.829,0.0,0,0,0,0,0,50,0,0,-9,0,0
23:09:38.839,0.0,0,0,0,0,0,17,0,0,-2,0,0
23:09:38.849,0.0,0,0,0,0,0,-9,0,0,-13,0,0
23:09:38.874,0.0,0,0,0,0,0,47,0,0,28,0,0
23:09:38.879,0.0,0,0,0,0,0,0,0,0,-54,0,0
23:09:38.889,0.0,0,0,0,0,0,22,0,0,-4,0,0
23:09:38.899,0.0,0,0,0,0,0,26,0,0,6,0,0
23:09:38.910,0.0,0,0,0,0,0,35,0,0,-1,0,0
23:09:38.920,0.0,0,0,0,0,0,-20,0,0,-11,0,0
23:09:38.930,0.0,0,0,0,0,0,18,0,0,20,0,0
23:09:38.940,0.0,0,0,0,0,0,32,0,0,-56,0,0
23:09:38.950,0.0,0,0,0,0,0,-33,0,0,-40,0,0
23:09:38.960,0.0,0,0,0,0,0,56,0,0,27,0,0
23:09:38.970,0.0,0,0,0,0,0,5,0,0,-1,0,0
23:09:38.980,0.0,0,0,0,0,0,-69,0,0,65,0,0
23:09:38.990,0.0,0,0,0,0,0,-22,0,0,23,0,0
23:09:39.000,0.0,0,0,0,0,0,52,0,0,-6,0,0
23:09:39.011,0.0,0,0,0,0,0,17,0,0,-36,0,0
23:09:39.021,0.0,0,0,0,0,0,31,0,0,37,0,0
23:09:39.031,0.0,0,0,0,0,0,-52,0,0,-26,0,0
23:09:39.041,0.0,0,0,0,0,0,66,0,0,1,0,0
23:09:39.051,0.0,0,0,0,0,0,17,0,0,2,0,0
23:09:39.061,0.0,0,0,0,0,0,-12,0,0,67,0,0
23:09:39.071,0.0,0,0,0,0,0,-40,0,0,7,0,0
23:09:39.081,0.0,0,0,0,0,0,21,0,0,-60,0,0
23:09:39.091,0.0,0,0,0,0,0,-22,0,0,64,0,0
23:09:39.102,0.0,0,0,0,0,0,34,0,0,8,0,0
23:09:39.112,0.0,0,0,0,0,0,6,0,0,26,0,0
23:09:39.122,0.0,0,0,0,0,0,-36,0,0,48,0,0
23:09:39.132,0.0,0,0,0,0,0,-13,0,0,1,0,0
23:09:39.142,0.0,0,0,0,0,0,-66,0,0,33,0,0
23:09:39.152,0.0,0,0,0,0,0,-20,0,0,9,0,0
23:09:39.162,0.0,0,0,0,0,0,-15,0,0,-47,0,0
23:09:39.172,0.0,0,0,0,0,0,18,0,0,-25,0,0
23:09:39.182,0.0,0,0,0,0,0,-68,0,0,41,0,0
23:09:39.193,0.0,0,0,0,0,0,13,0,0,6,0,0
23:09:39.203,0.0,0,0,0,0,0,13,0,0,37,0,0
23:09:39.213,0.0,0,0,0,0,0,30,0,0,-1,0,0
23:09:39.223,0.0,0,0,0,0,0,-1,0,0,1,0,0
23:09:39.233,0.0,0,0,0,0,0,-14,0,0,-30,0,0
23:09:39.243,0.0,0,0,0,0,0,31,0,0,42,0,0
23:09:39.253,0.0,0,0,0,0,0,-40,0,0,-44,0,0
23:09:39.268,0.0,0,0,0,0,0,29,0,0,-25,0,0
23:09:39.279,0.0,0,0,0,0,0,-26,0,0,-17,0,0
23:09:39.289,0.0,0,0,0,0,0,-9,0,0,-10,0,0
23:09:39.299,0.0,0,0,0,0,0,-28,0,0,1,0,0
23:09:39.309,0.0,0,0,0,0,0,54,0,0,-68,0,0
23:09:39.319,0.0,0,0,0,0,0,-13,0,0,-40,0,0
23:09:39.329,0.0,0,0,0,0,0,17,0,0,-34,0,0
23:09:39.339,0.0,0,0,0,0,0,38,0,0,5,0,0
23:09:39.349,0.0,0,0,0,0,0,-52,0,0,-9,0,0
23:09:39.359,0.0,0,0,0,0,0,4,0,0,4,0,0
23:09:39.370,0.0,0,0,0,0,0,30,0,0,14,0,0
23:09:39.385,0.0,0,0,0,0,0,-52,0,0,39,0,0
23:09:39.390,0.0,0,0,0,0,0,67,0,0,19,0,0
23:09:39.400,0.0,0,0,0,0,0,6,0,0,25,0,0
23:09:39.410,0.0,0,0,0,0,0,-63,0,0,29,0,0
23:09:39.420,0.0,0,0,0,0,0,-8,0,0,39,0,0
23:09:39.430,0.0,0,0,0,0,0,19,0,0,-1,0,0
23:09:39.440,0.0,0,0,0,0,0,-43,0,0,11,0,0
23:09:39.451,0.0,0,0,0,0,0,28,0,0,36,0,0
23:09:39.461,0.0,0,0,0,0,0,-95,0,0,25,0,0
23:09:39.471,0.0,0,0,0,0,0,11,0,0,-42,0,0
23:09:39.481,0.0,0,0,0,0,0,-24,0,0,68,0,0
23:09:39.491,0.0,0,0,0,0,0,-5,0,0,-77,0,0
23:09:39.501,0.0,0,0,0,0,0,13,0,0,-19,0,0
23:09:39.511,0.0,0,0,0,0,0,13,0,0,-43,0,0
23:09:39.521,0.0,0,0,0,0,0,36,0,0,14,0,0
23:09:39.532,0.0,0,0,0,0,0,-15,0,0,51,0,0
23:09:39.542,0.0,0,0,0,0,0,-5,0,0,-97,0,0
23:09:39.552,0.0,0,0,0,0,0,-20,0,0,1,0,0
23:09:39.562,0.0,0,0,0,0,0,-13,0,0,-63,0,0
23:09:39.572,0.0,0,0,0,0,0,-66,0,0,23,0,0
23:09:39.582,0.0,0,0,0,0,0,-3,0,0,26,0,0
23:09:39.592,0.0,0,0,0,0,0,8,0,0,-56,0,0
23:09:39.602,0.0,0,0,0,0,0,13,0,0,-54,0,0
23:09:39.613,0.0,0,0,0,0,0,-68,0,0,-32,0,0
23:09:39.623,0.0,0,0,0,0,0,-70,0,0,29,0,0
23:09:39.633,0.0,0,0,0,0,0,30,0,0,-14,0,0
23:09:39.643,0.0,0,0,0,0,0,-48,0,0,48,0,0
23:09:39.653,0.0,0,0,0,0,0,-45,0,0,38,0,0
23:09:39.663,0.0,0,0,0,0,0,5,0,0,58,0,0
23:09:39.673,0.0,0,0,0,0,0,-48,0,0,41,0,0
23:09:39.683,0.0,0,0,0,0,0,28,0,0,27,0,0
23:09:39.694,0.0,0,0,0,0,0,67,0,0,75,0,0
23:09:39.704,0.0,0,0,0,0,0,7,0,0,39,0,0
23:09:39.714,0.0,0,0,0,0,0,56,0,0,-16,0,0
23:09:39.724,0.0,0,0,0,0,0,2,0,0,0,0,0
23:09:39.734,0.0,0,0,0,0,0,-45,0,0,7,0,0
23:09:39.744,0.0,0,0,0,0,0,25,0,0,37,0,0
23:09:39.754,0.0,0,0,0,0,0,44,0,0,58,0,0
23:09:39.765,0.0,0,0,0,0,0,44,0,0,13,0,0
