timestamp,target_flag,sensor_torque,sensor_rpm,act_target_torque,act_target_velocity,load_target_torque,load_target_velocity,act_torque,act_vel,act_pos,load_torque,load_vel,load_pos
20:49:57.873,0,0.9,0,0,0,0,0,48,-941,8343233,19,981,-55614876
20:49:57.878,0,0.9,0,0,0,0,0,17,422,8343242,1,-1925,-55614896
20:49:57.883,0,0.9,0,0,0,0,0,-81,-196,8343238,18,441,-55614876
20:49:57.888,0,0.9,0,0,0,0,0,6,189,8343241,18,411,-55614876
20:49:57.893,0,0.9,0,0,0,0,0,9,198,8343241,14,920,-55614876
20:49:57.898,0,0.9,0,0,0,0,0,0,779,8343245,20,988,-55614876
20:49:57.903,0,0.9,0,0,0,0,0,-7,380,8343242,-10,-1499,-55614896
20:49:57.908,0,0.9,0,0,0,0,0,-2,252,8343241,-2,-503,-55614892
20:49:57.913,0,0.9,0,0,0,0,0,-14,-894,8343233,5,-502,-55614896
20:49:57.918,0,0.9,0,0,0,0,0,0,419,8343242,-9,-264,-55614896
20:49:57.924,0,0.9,0,0,0,0,0,0,-257,8343238,-14,-1326,-55614904
20:49:57.929,0,0.9,0,0,0,0,0,15,245,8343241,10,331,-55614896
20:49:57.934,0,0.9,0,0,0,0,0,-8,939,8343245,-21,408,-55614896
20:49:57.939,0,0.9,0,0,0,0,0,-5,-814,8343234,17,-1544,-55614912
20:49:57.944,0,0.9,0,0,0,0,0,-14,435,8343242,-2,-574,-55614904
20:49:57.949,0,0.9,0,0,0,0,0,-11,-154,8343238,-22,140,-55614904
20:49:57.954,0,0.9,0,0,0,0,0,0,-1408,8343231,-4,-423,-55614904
20:49:57.959,0,0.9,0,0,0,0,0,-5,2178,8343254,-3,-502,-55614908
20:49:57.964,0,0.9,0,0,0,0,0,56,-999,8343233,-3,-472,-55614896
20:49:57.969,0,0.9,0,0,0,0,0,-23,-1470,8343238,-15,-288,-55614908
20:49:57.974,0,0.9,0,0,0,0,0,15,323,8343242,22,1262,-55614896
20:49:57.979,0,0.9,0,0,0,0,0,-5,236,8343241,-1,-468,-55614912
20:49:57.984,0,0.9,0,0,0,0,0,45,434,8343241,-5,-1033,-55614916
20:49:57.989,0,0.9,0,0,0,0,0,29,-1310,8343231,-29,-852,-55614924
20:49:57.994,0,0.9,0,0,0,0,0,-11,-1451,8343231,12,-1558,-55614932
20:49:58.000,0,0.9,0,0,0,0,0,12,321,8343241,-24,-1479,-55614940
20:49:58.005,0,0.9,0,0,0,0,0,24,423,8343242,-11,-951,-55614944
20:49:58.010,0,0.9,0,0,0,0,0,12,-155,8343238,-7,-10,-55614940
20:49:58.015,0,0.9,0,0,0,0,0,-35,-828,8343234,4,54,-55614940
20:49:58.020,0,0.9,0,0,0,0,0,-14,855,8343245,0,-282,-55614944
20:49:58.025,0,0.9,0,0,0,0,0,-2,-1044,8343233,4,-376,-55614944
20:49:58.030,0,0.9,0,0,0,0,0,-5,-171,8343238,-21,-335,-55614944
20:49:58.035,0,0.9,0,0,0,0,0,3,455,8343242,8,120,-55614940
20:49:58.040,0,0.9,0,0,0,0,0,-5,-1658,8343229,15,181,-55614940
20:49:58.045,0,0.9,0,0,0,0,0,-11,-976,8343233,-6,282,-55614932
20:49:58.050,0,0.9,0,0,0,0,0,-2,429,8343242,6,-346,-55614944
20:49:58.055,0,0.9,0,0,0,0,0,-14,1005,8343247,-12,174,-55614940
20:49:58.060,0,0.9,0,0,0,0,0,21,1029,8343247,3,151,-55614940
20:49:58.065,0,0.9,0,0,0,0,0,12,450,8343242,7,918,-55614932
20:49:58.070,0,0.9,0,0,0,0,0,-62,-1017,8343233,17,79,-55614940
20:49:58.076,0,0.9,0,0,0,0,0,-5,225,8343241,4,1931,-55614928
20:49:58.081,0,0.9,0,0,0,0,0,21,394,8343242,1,79,-55614940
20:49:58.086,0,0.9,0,0,0,0,0,-2,243,8343241,-5,130,-55614932
20:49:58.091,0,0.9,0,0,0,0,0,-17,-1061,8343233,-16,-23,-55614940
20:49:58.096,0,0.9,0,0,0,0,0,6,-1525,8343231,0,15,-55614940
20:49:58.101,0,0.9,0,0,0,0,0,-44,-273,8343238,15,-475,-55614944
20:49:58.106,0,0.9,0,0,0,0,0,-26,38,8343241,16,723,-55614932
20:49:58.111,0,0.9,0,0,0,0,0,-32,2126,8343254,-24,-671,-55614944
20:49:58.116,0,0.9,0,0,0,0,0,35,-301,8343238,12,-16,-55614940
20:49:58.121,0,0.9,0,0,0,0,0,0,2164,8343254,-22,-519,-55614944
20:49:58.126,0,0.9,0,0,0,0,0,3,415,8343242,4,-1131,-55614944
20:49:58.131,0,0.9,0,0,0,0,0,-11,-2690,8343222,-15,1835,-55614928
20:49:58.136,0,0.9,0,0,0,0,0,3,-253,8343238,-6,-65,-55614940
20:49:58.141,0,0.9,0,0,0,0,0,5,836,8343245,4,-38,-55614940
20:49:58.146,0,0.9,0,0,0,0,0,3,388,8343242,0,-25,-55614940
20:49:58.151,0,0.9,0,0,0,0,0,9,318,8343242,0,10,-55614940
20:49:58.156,0,0.9,0,0,0,0,0,-20,268,8343241,-1,59,-55614940
20:49:58.161,0,0.9,0,0,0,0,0,9,404,8343242,3,95,-55614940
20:49:58.167,0,0.9,0,0,0,0,0,3,203,8343241,11,1859,-55614928
20:49:58.172,0,0.9,0,0,0,0,0,-44,-1020,8343233,0,-102,-55614940
20:49:58.177,0,0.9,0,0,0,0,0,-14,-1493,8343231,9,-506,-55614944
20:49:58.182,0,0.9,0,0,0,0,0,-52,-2236,8343226,-1,-1676,-55614952
20:49:58.187,0,0.9,0,0,0,0,0,-5,-215,8343238,-12,1866,-55614928
20:49:58.192,0,0.9,0,0,0,0,0,6,234,8343242,-17,-443,-55614944
20:49:58.197,0,0.9,0,0,0,0,0,15,-904,8343234,15,1313,-55614932
20:49:58.202,0,0.9,0,0,0,0,0,-14,281,8343241,5,-349,-55614944
20:49:58.207,0,0.9,0,0,0,0,0,3,396,8343242,-4,-409,-55614944
20:49:58.212,0,0.9,0,0,0,0,0,-26,368,8343242,-15,-576,-55614944
20:49:58.217,0,0.9,0,0,0,0,0,3,-978,8343233,8,606,-55614932
20:49:58.222,0,0.9,0,0,0,0,0,30,349,8343242,21,-3,-55614940
20:49:58.227,0,0.9,0,0,0,0,0,-29,-493,8343238,22,20,-55614940
20:49:58.232,0,0.9,0,0,0,0,0,9,211,8343241,5,-577,-55614944
20:49:58.237,0,0.9,0,0,0,0,0,3,-967,8343233,-10,29,-55614940
20:49:58.242,0,0.9,0,0,0,0,0,15,-815,8343234,1,-1138,-55614944
20:49:58.248,0,0.9,0,0,0,0,0,-17,405,8343242,10,-2227,-55614952
20:49:58.253,0,0.9,0,0,0,0,0,0,-151,8343238,7,160,-55614940
20:49:58.258,0,0.9,0,0,0,0,0,-26,320,8343241,5,220,-55614940
20:49:58.263,0,0.9,0,0,0,0,0,-63,242,8343241,4,1431,-55614932
20:49:58.268,0,0.9,0,0,0,0,0,-36,1008,8343247,0,188,-55614940
20:49:58.273,0,0.9,0,0,0,0,0,-20,366,8343242,9,-327,-55614944
20:49:58.278,0,0.9,0,0,0,0,0,6,247,8343241,3,59,-55614940
20:49:58.283,0,0.9,0,0,0,0,0,0,269,8343241,0,96,-55614940
20:49:58.288,0,0.9,0,0,0,0,0,-28,-2146,8343226,-2,94,-55614940
20:49:58.293,0,0.9,0,0,0,0,0,-2,-450,8343241,-14,1979,-55614928
20:49:58.298,0,0.9,0,0,0,0,0,-32,-287,8343238,-5,-398,-55614944
20:49:58.303,0,0.9,0,0,0,0,0,-5,403,8343242,3,-350,-55614944
20:49:58.308,0,0.9,0,0,0,0,0,-23,231,8343241,8,-391,-55614944
20:49:58.313,0,0.9,0,0,0,0,0,-2,375,8343242,-7,-298,-55614944
20:49:58.318,0,0.9,0,0,0,0,0,15,255,8343241,0,-290,-55614944
20:49:58.323,0,0.9,0,0,0,0,0,-8,-184,8343238,2,140,-55614940
20:49:58.328,0,0.9,0,0,0,0,0,15,212,8343241,-1,157,-55614940
20:49:58.334,0,0.9,0,0,0,0,0,-37,-1017,8343233,-24,127,-55614940
20:49:58.339,0,0.9,0,0,0,0,0,-20,357,8343242,-8,-322,-55614944
20:49:58.344,0,0.9,0,0,0,0,0,15,175,8343241,-24,159,-55614940
20:49:58.349,0,0.9,0,0,0,0,0,-11,-1643,8343229,-3,2044,-55614928
20:49:58.354,0,0.9,0,0,0,0,0,-2,211,8343241,-11,-284,-55614944
20:49:58.359,0,0.9,0,0,0,0,0,-8,404,8343242,-26,63,-55614940
20:49:58.364,0,0.9,0,0,0,0,0,-5,911,8343245,-13,846,-55614932
20:49:58.369,0,0.9,0,0,0,0,0,15,232,8343234,-10,-526,-55614944
20:49:58.384,0,0.9,0,0,0,0,0,6,-1423,8343231,-3,-225,-55614944
20:49:58.389,0,0.9,0,0,0,0,0,-2,304,8343241,-3,-274,-55614944
20:49:58.394,0,0.9,0,0,0,0,0,-14,477,8343242,16,-429,-55614944
20:49:58.399,0,0.9,0,0,0,0,0,-2,-295,8343238,2,-274,-55614944
20:49:58.404,0,0.9,0,0,0,0,0,9,-1500,8343231,7,1575,-55614928
20:49:58.410,0,0.9,0,0,0,0,0,-5,-374,8343238,0,344,-55614932
20:49:58.415,0,0.9,0,0,0,0,0,-25,-796,8343234,-2,-329,-55614944
20:49:58.420,0,0.9,0,0,0,0,0,-14,1487,8343249,7,374,-55614932
20:49:58.425,0,0.9,0,0,0,0,0,6,1412,8343249,-13,209,-55614940
20:49:58.430,0,0.9,0,0,0,0,0,-14,-359,8343238,-21,802,-55614932
20:49:58.435,0,0.9,0,0,0,0,0,6,441,8343242,0,-195,-55614944
20:49:58.440,0,0.9,0,0,0,0,0,-11,-755,8343234,8,2042,-55614928
20:49:58.445,0,0.9,0,0,0,0,0,-41,-844,8343234,0,81,-55614940
20:49:58.450,0,0.9,0,0,0,0,0,-11,270,8343241,-5,88,-55614940
20:49:58.455,0,0.9,0,0,0,0,0,-5,-1626,8343229,-20,-359,-55614944
20:49:58.460,0,0.9,0,0,0,0,0,9,163,8343241,-5,164,-55614940
20:49:58.465,0,0.9,0,0,0,0,0,12,130,8343241,-10,129,-55614940
20:49:58.470,0,0.9,0,0,0,0,0,-20,331,8343242,-16,-383,-55614944
20:49:58.475,0,0.9,0,0,0,0,0,-2,217,8343241,-9,-379,-55614944
20:49:58.480,0,0.9,0,0,0,0,0,12,-1033,8343233,-1,-992,-55614944
20:49:58.486,0,0.9,0,0,0,0,0,-23,349,8343242,25,1522,-55614928
20:49:58.491,0,0.9,0,0,0,0,0,15,170,8343241,9,258,-55614932
20:49:58.496,0,0.9,0,0,0,0,0,-4,-1127,8343233,-13,-190,-55614944
20:49:58.501,0,0.9,0,0,0,0,0,12,378,8343242,0,439,-55614940
20:49:58.506,0,0.9,0,0,0,0,0,13,385,8343242,-4,65,-55614944
20:49:58.511,0,0.9,0,0,0,0,0,24,-277,8343238,0,1864,-55614928
20:49:58.516,0,0.9,0,0,0,0,0,6,-451,8343238,5,392,-55614940
20:49:58.521,0,0.9,0,0,0,0,0,24,-294,8343238,9,-99,-55614944
20:49:58.526,0,0.9,0,0,0,0,0,0,288,8343242,-7,334,-55614940
20:49:58.531,0,0.9,0,0,0,0,0,3,1516,8343250,24,-868,-55614948
20:49:58.536,0,0.9,0,0,0,0,0,-23,330,8343242,-8,-27,-55614944
20:49:58.541,0,0.9,0,0,0,0,0,-2,223,8343241,-12,32,-55614944
20:49:58.546,0,0.9,0,0,0,0,0,-11,186,8343241,0,63,-55614944
20:49:58.551,0,0.9,0,0,0,0,0,15,789,8343245,-13,142,-55614944
20:49:58.556,0,0.9,0,0,0,0,0,0,2239,8343254,-11,73,-55614944
20:49:58.561,0,0.9,0,0,0,0,0,35,335,8343242,4,-1,-55614944
20:49:58.566,0,0.9,0,0,0,0,0,0,1427,8343249,2,288,-55614940
20:49:58.571,0,0.9,0,0,0,0,0,-2,401,8343242,13,258,-55614940
20:49:58.577,0,0.9,0,0,0,0,0,-29,1060,8343247,-7,-1372,-55614952
20:49:58.582,0,0.9,0,0,0,0,0,0,352,8343242,7,-45,-55614944
20:49:58.587,0,0.9,0,0,0,0,0,-5,-235,8343238,-3,-2016,-55614952
20:49:58.592,0,0.9,0,0,0,0,0,3,255,8343241,-1,-635,-55614944
20:49:58.597,0,0.9,0,0,0,0,0,-7,263,8343241,-3,525,-55614940
20:49:58.602,0,0.9,0,0,0,0,0,-11,2181,8343254,19,447,-55614940
20:49:58.607,0,0.9,0,0,0,0,0,0,1625,8343250,0,458,-55614940
20:49:58.612,0,0.9,0,0,0,0,0,6,762,8343245,-3,428,-55614940
20:49:58.617,0,0.9,0,0,0,0,0,3,277,8343242,9,469,-55614940
20:49:58.622,0,0.9,0,0,0,0,0,15,746,8343245,14,-79,-55614944
20:49:58.627,0,0.9,0,0,0,0,0,9,-267,8343238,-17,435,-55614940
20:49:58.632,0,0.9,0,0,0,0,0,6,-206,8343238,-9,361,-55614940
20:49:58.637,0,0.9,0,0,0,0,0,-17,-417,8343238,-21,392,-55614940
20:49:58.642,0,0.9,0,0,0,0,0,0,261,8343241,15,466,-55614940
20:49:58.647,0,0.9,0,0,0,0,0,24,165,8343241,25,-3,-55614944
20:49:58.652,0,0.9,0,0,0,0,0,-47,1484,8343249,4,466,-55614940
20:49:58.657,0,0.9,0,0,0,0,0,-8,404,8343242,-11,-187,-55614944
20:49:58.662,0,0.9,0,0,0,0,0,-2,1011,8343247,19,1090,-55614932
20:49:58.668,0,0.9,0,0,0,0,0,-5,-379,8343238,0,-47,-55614944
20:49:58.673,0,0.9,0,0,0,0,0,71,-1028,8343233,9,18,-55614944
20:49:58.678,0,0.9,0,0,0,0,0,-84,-425,8343238,13,-778,-55614948
20:49:58.683,0,0.9,0,0,0,0,0,-2,-1431,8343242,3,595,-55614940
20:49:58.688,0,0.9,0,0,0,0,0,0,-343,8343238,8,-2278,-55614960
20:49:58.693,0,0.9,0,0,0,0,0,-5,214,8343241,-24,203,-55614944
20:49:58.698,0,0.9,0,0,0,0,0,-2,-451,8343238,9,168,-55614944
20:49:58.703,0,0.9,0,0,0,0,0,6,-840,8343234,-12,289,-55614944
20:49:58.708,0,0.9,0,0,0,0,0,3,-2104,8343226,0,733,-55614940
20:49:58.713,0,0.9,0,0,0,0,0,-14,-900,8343234,-1,97,-55614944
20:49:58.718,0,0.9,0,0,0,0,0,0,432,8343242,4,734,-55614932
20:49:58.723,0,0.9,0,0,0,0,0,-14,417,8343238,-2,631,-55614940
20:49:58.728,0,0.9,0,0,0,0,0,18,-1494,8343231,9,727,-55614932
20:49:58.733,0,0.9,0,0,0,0,0,6,308,8343242,-20,-112,-55614944
20:49:58.738,0,0.9,0,0,0,0,0,21,892,8343245,-13,120,-55614944
20:49:58.743,0,0.9,0,0,0,0,0,39,-799,8343234,-5,597,-55614940
20:49:58.748,0,0.9,0,0,0,0,0,0,-162,8343238,-4,98,-55614944
20:49:58.753,0,0.9,0,0,0,0,0,-2,396,8343242,0,628,-55614940
20:49:58.759,0,0.9,0,0,0,0,0,-35,187,8343241,19,623,-55614940
20:49:58.764,0,0.9,0,0,0,0,0,15,-886,8343234,-9,-1832,-55614952
20:49:58.769,0,0.9,0,0,0,0,0,-2,-428,8343238,-4,-402,-55614944
20:49:58.774,0,0.9,0,0,0,0,0,-31,-336,8343238,6,-1115,-55614952
20:49:58.779,0,0.9,0,0,0,0,0,3,837,8343245,4,303,-55614944
20:49:58.784,0,0.9,0,0,0,0,0,0,-1668,8343234,-15,591,-55614944
20:49:58.789,0,0.9,0,0,0,0,0,-23,362,8343242,-7,117,-55614944
20:49:58.794,0,0.9,0,0,0,0,0,0,-279,8343238,-14,-787,-55614952
20:49:58.799,0,0.9,0,0,0,0,0,-2,-1495,8343231,43,-784,-55614952
20:49:58.804,0,0.9,0,0,0,0,0,-17,166,8343241,-4,-1513,-55614952
20:49:58.809,0,0.9,0,0,0,0,0,45,278,8343241,7,-402,-55614948
20:49:58.814,0,0.9,0,0,0,0,0,-8,255,8343241,-5,356,-55614944
20:49:58.819,0,0.9,0,0,0,0,0,9,-2002,8343226,-3,250,-55614944
20:49:58.824,0,0.9,0,0,0,0,0,9,-214,8343238,35,274,-55614944
20:49:58.829,0,0.9,0,0,0,0,0,3,348,8343242,4,-509,-55614948
20:49:58.834,0,0.9,0,0,0,0,0,27,-981,8343233,17,943,-55614932
20:49:58.839,0,0.9,0,0,0,0,0,-8,428,8343242,9,890,-55614940
20:49:58.844,0,0.9,0,0,0,0,0,-2,-222,8343238,11,825,-55614940
20:49:58.850,0,0.9,0,0,0,0,0,-2,-381,8343238,7,327,-55614944
20:49:58.855,0,0.9,0,0,0,0,0,6,315,8343242,15,865,-55614940
20:49:58.860,0,0.9,0,0,0,0,0,0,373,8343242,11,407,-55614944
20:49:58.865,0,0.9,0,0,0,0,0,-44,363,8343242,31,-1159,-55614952
20:49:58.870,0,0.9,0,0,0,0,0,-28,434,8343242,10,822,-55614944
20:49:58.875,0,0.9,0,0,0,0,0,-5,-117,8343238,0,-691,-55614952
20:49:58.880,0,0.9,0,0,0,0,0,12,-941,8343233,12,501,-55614944
20:49:58.885,0,0.9,0,0,0,0,0,-17,191,8343241,-3,-1362,-55614952
20:49:58.890,0,0.9,0,0,0,0,0,6,1584,8343250,0,497,-55614944
20:49:58.895,0,0.9,0,0,0,0,0,9,825,8343245,-13,516,-55614944
20:49:58.900,0,0.9,0,0,0,0,0,-29,889,8343245,7,382,-55614944
20:49:58.905,0,0.9,0,0,0,0,0,12,-1065,8343233,13,489,-55614944
20:49:58.910,0,0.9,0,0,0,0,0,-5,-1037,8343233,4,472,-55614944
20:49:58.915,0,0.9,0,0,0,0,0,-2,315,8343242,-18,-1377,-55614952
20:49:58.920,0,0.9,0,0,0,0,0,-5,166,8343241,0,-152,-55614948
20:49:58.925,0,0.9,0,0,0,0,0,-5,-477,8343238,-27,-605,-55614952
20:49:58.930,0,0.9,0,0,0,0,0,0,329,8343242,-10,-715,-55614952
20:49:58.936,0,0.9,0,0,0,0,0,3,294,8343242,-10,1151,-55614940
20:49:58.941,0,0.9,0,0,0,0,0,-2,376,8343242,-1,2451,-55614932
20:49:58.946,0,0.9,0,0,0,0,0,24,141,8343241,-4,597,-55614944
20:49:58.951,0,0.9,0,0,0,0,0,-17,-1560,8343231,-8,815,-55614944
20:49:58.956,0,0.9,0,0,0,0,0,0,786,8343245,0,-507,-55614952
20:49:58.961,0,0.9,0,0,0,0,0,12,-1572,8343231,-6,839,-55614944
20:49:58.966,0,0.9,0,0,0,0,0,0,173,8343241,9,491,-55614944
20:49:58.971,0,0.9,0,0,0,0,0,6,-879,8343234,10,206,-55614944
20:49:58.976,0,0.9,0,0,0,0,0,-8,-251,8343238,-4,652,-55614944
20:49:58.981,0,0.9,0,0,0,0,0,-35,249,8343241,3,396,-55614944
20:49:58.986,0,0.9,0,0,0,0,0,9,353,8343242,0,-2106,-55614960
20:49:58.991,0,0.9,0,0,0,0,0,-29,210,8343241,17,-1497,-55614952
20:49:58.996,0,0.9,0,0,0,0,0,-14,-1009,8343233,25,-1419,-55614952
20:49:59.001,0,0.9,0,0,0,0,0,-20,189,8343241,-6,1100,-55614940
20:49:59.006,0,0.9,0,0,0,0,0,24,-206,8343238,25,-1404,-55614952
20:49:59.011,0,0.9,0,0,0,0,0,18,-1490,8343231,-4,-1223,-55614952
20:49:59.016,0,0.9,0,0,0,0,0,15,-1020,8343233,-9,-710,-55614952
20:49:59.022,0,0.9,0,0,0,0,0,6,-800,8343234,-14,1332,-55614940
20:49:59.027,0,0.9,0,0,0,0,0,-14,-209,8343238,0,140,-55614948
20:49:59.032,0,0.9,0,0,0,0,0,12,-1625,8343229,9,-1024,-55614952
20:49:59.037,0,0.9,0,0,0,0,0,-37,1014,8343247,0,-803,-55614952
20:49:59.042,0,0.9,0,0,0,0,0,-5,487,8343242,2,296,-55614948
20:49:59.047,0,0.9,0,0,0,0,0,0,198,8343241,-5,-1238,-55614960
20:49:59.052,0,0.9,0,0,0,0,0,-26,407,8343242,14,-603,-55614952
20:49:59.057,0,0.9,0,0,0,0,0,-5,422,8343242,6,-636,-55614952
20:49:59.062,0,0.9,0,0,0,0,0,-49,329,8343241,20,-783,-55614952
20:49:59.067,0,0.9,0,0,0,0,0,9,-2856,8343221,37,1209,-55614944
20:49:59.072,0,0.9,0,0,0,0,0,21,144,8343241,15,1079,-55614944
20:49:59.077,0,0.9,0,0,0,0,0,-32,-460,8343238,-16,-816,-55614952
20:49:59.082,0,0.9,0,0,0,0,0,-41,-278,8343238,4,305,-55614944
20:49:59.087,0,0.9,0,0,0,0,0,6,-1020,8343233,0,-1030,-55614952
20:49:59.092,0,0.9,0,0,0,0,0,-2,269,8343241,2,-1525,-55614960
20:49:59.098,0,0.9,0,0,0,0,0,-2,377,8343242,-6,-994,-55614952
20:49:59.103,0,0.9,0,0,0,0,0,18,-459,8343238,7,-1403,-55614960
20:49:59.108,0,0.9,0,0,0,0,0,-8,861,8343245,-2,-304,-55614952
20:49:59.113,0,0.9,0,0,0,0,0,-79,-188,8343238,-29,-714,-55614952
20:49:59.118,0,0.9,0,0,0,0,0,12,854,8343245,10,-151,-55614952
20:49:59.123,0,0.9,0,0,0,0,0,-8,184,8343241,1,773,-55614944
20:49:59.128,0,0.9,0,0,0,0,0,3,407,8343242,-5,-583,-55614952
20:49:59.133,0,0.9,0,0,0,0,0,3,1621,8343250,18,113,-55614952
20:49:59.138,0,0.9,0,0,0,0,0,36,377,8343242,2,147,-55614952
20:49:59.143,0,0.9,0,0,0,0,0,-20,836,8343245,0,-306,-55614952
20:49:59.148,0,0.9,0,0,0,0,0,0,-307,8343238,2,1506,-55614944
20:49:59.153,0,0.9,0,0,0,0,0,0,172,8343241,5,-452,-55614952
20:49:59.158,0,0.9,0,0,0,0,0,-11,929,8343247,-14,-581,-55614952
20:49:59.163,0,0.9,0,0,0,0,0,-5,208,8343241,4,-565,-55614952
20:49:59.168,0,0.9,0,0,0,0,0,-5,187,8343241,2,192,-55614952
20:49:59.173,0,0.9,0,0,0,0,0,-26,288,8343242,-22,112,-55614952
20:49:59.178,0,0.9,0,0,0,0,0,-8,-1138,8343233,-14,164,-55614952
20:49:59.183,0,0.9,0,0,0,0,0,-29,-1181,8343233,-6,2004,-55614940
20:49:59.189,0,0.9,0,0,0,0,0,-8,232,8343242,33,-1003,-55614960
20:49:59.194,0,0.9,0,0,0,0,0,-23,299,8343242,-11,-843,-55614960
20:49:59.199,0,0.9,0,0,0,0,0,9,390,8343242,-17,-277,-55614952
20:49:59.204,0,0.9,0,0,0,0,0,-8,178,8343241,-3,-714,-55614960
20:49:59.209,0,0.9,0,0,0,0,0,0,-1559,8343231,-1,-640,-55614960
20:49:59.214,0,0.9,0,0,0,0,0,-5,-411,8343238,-1,-104,-55614952
20:49:59.219,0,0.9,0,0,0,0,0,6,-331,8343238,-18,527,-55614952
20:49:59.224,0,0.9,0,0,0,0,0,7,325,8343242,0,1094,-55614948
20:49:59.229,0,0.9,0,0,0,0,0,-17,355,8343242,-5,-29,-55614952
20:49:59.234,0,0.9,0,0,0,0,0,3,-1628,8343229,6,-259,-55614952
20:49:59.239,0,0.9,0,0,0,0,0,9,386,8343241,9,-33,-55614952
20:49:59.244,0,0.9,0,0,0,0,0,-37,356,8343241,0,523,-55614952
20:49:59.249,0,0.9,0,0,0,0,0,48,-907,8343233,-4,882,-55614948
20:49:59.254,0,0.9,0,0,0,0,0,-8,393,8343242,7,-763,-55614960
20:49:59.259,0,0.9,0,0,0,0,0,-26,892,8343245,5,-252,-55614952
20:49:59.264,0,0.9,0,0,0,0,0,55,418,8343242,-11,376,-55614952
20:49:59.269,0,0.9,0,0,0,0,0,33,361,8343247,8,-238,-55614952
20:49:59.274,0,0.9,0,0,0,0,0,-8,380,8343242,0,1664,-55614944
20:49:59.280,0,0.9,0,0,0,0,0,6,-1411,8343231,7,-731,-55614960
20:49:59.285,0,0.9,0,0,0,0,0,18,-809,8343234,-10,-234,-55614952
20:49:59.290,0,0.9,0,0,0,0,0,0,-823,8343234,-1,-76,-55614952
20:49:59.295,0,0.9,0,0,0,0,0,-26,-166,8343238,1,1246,-55614944
20:49:59.300,0,0.9,0,0,0,0,0,-36,2797,8343257,-19,-583,-55614960
20:49:59.305,0,0.9,0,0,0,0,0,66,-214,8343238,7,27,-55614952
20:49:59.310,0,0.9,0,0,0,0,0,26,-1570,8343229,-1,-145,-55614952
20:49:59.315,0,0.9,0,0,0,0,0,15,-974,8343233,-6,496,-55614952
20:49:59.320,0,0.9,0,0,0,0,0,6,179,8343241,-3,1865,-55614944
20:49:59.325,0,0.9,0,0,0,0,0,-8,-333,8343238,-9,-56,-55614952
20:49:59.330,0,0.9,0,0,0,0,0,12,-272,8343238,19,2240,-55614940
20:49:59.335,0,0.9,0,0,0,0,0,0,-415,8343238,25,1583,-55614944
20:49:59.340,0,0.9,0,0,0,0,0,-17,335,8343242,-8,-242,-55614952
20:49:59.345,0,0.9,0,0,0,0,0,9,736,8343245,-7,-699,-55614960
20:49:59.351,0,0.9,0,0,0,0,0,-17,-328,8343238,3,-237,-55614952
20:49:59.356,0,0.9,0,0,0,0,0,18,869,8343245,12,-747,-55614960
20:49:59.361,0,0.9,0,0,0,0,0,3,-231,8343238,-13,-130,-55614952
20:49:59.366,0,0.9,0,0,0,0,0,-8,-1072,8343233,20,339,-55614952
20:49:59.371,0,0.9,0,0,0,0,0,-17,-799,8343234,-19,349,-55614952
20:49:59.376,0,0.9,0,0,0,0,0,-17,447,8343254,-21,-978,-55614960
20:49:59.381,0,0.9,0,0,0,0,0,6,-134,8343238,-4,-393,-55614952
20:49:59.386,0,0.9,0,0,0,0,0,-14,350,8343241,18,-850,-55614960
20:49:59.391,0,0.9,0,0,0,0,0,-2,499,8343242,11,830,-55614948
20:49:59.396,0,0.9,0,0,0,0,0,-8,-163,8343238,0,1461,-55614944
20:49:59.396,0,0.9,0,0,0,0,0,3,2234,8343254,-19,-257,-55614952
20:49:59.401,0,0.9,0,0,0,0,0,-2,-173,8343238,5,-499,-55614952
20:49:59.411,0,0.9,0,0,0,0,0,12,-1520,8343231,29,-789,-55614960
20:49:59.416,0,0.9,0,0,0,0,0,-37,-833,8343234,23,497,-55614952
20:49:59.421,0,0.9,0,0,0,0,0,50,-1556,8343229,9,-1553,-55614964
20:49:59.426,0,0.9,0,0,0,0,0,0,406,8343242,-6,-269,-55614952
20:49:59.427,0,0.9,0,0,0,0,0,18,-339,8343238,2,2122,-55614940
20:49:59.432,0,0.9,0,0,0,0,0,3,1021,8343247,-5,-873,-55614960
20:49:59.437,0,0.9,0,0,0,0,0,20,251,8343241,-4,914,-55614948
20:49:59.442,0,0.9,0,0,0,0,0,18,880,8343245,3,407,-55614952
20:49:59.447,0,0.9,0,0,0,0,0,-12,807,8343245,-22,-112,-55614952
20:49:59.452,0,0.9,0,0,0,0,0,-8,-1394,8343231,3,-554,-55614960
20:49:59.457,0,0.9,0,0,0,0,0,58,372,8343242,15,-190,-55614952
20:49:59.462,0,0.9,0,0,0,0,0,-23,259,8343241,2,-246,-55614952
20:49:59.472,0,0.9,0,0,0,0,0,15,211,8343241,13,-423,-55614952
20:49:59.472,0,0.9,0,0,0,0,0,18,344,8343242,4,-404,-55614952
20:49:59.477,0,0.9,0,0,0,0,0,-36,863,8343245,4,755,-55614948
20:49:59.482,0,0.9,0,0,0,0,0,-5,429,8343242,6,-925,-55614960
20:49:59.487,0,0.9,0,0,0,0,0,-17,249,8343241,4,-412,-55614952
20:49:59.492,0,0.9,0,0,0,0,0,0,398,8343241,-12,-257,-55614952
20:49:59.497,0,0.9,0,0,0,0,0,25,-809,8343234,-10,-468,-55614952
20:49:59.502,0,0.9,0,0,0,0,0,15,-932,8343233,25,-1684,-55614964
20:49:59.508,0,0.9,0,0,0,0,0,-5,470,8343242,20,795,-55614948
20:49:59.513,0,0.9,0,0,0,0,0,-5,1661,8343250,-4,-408,-55614952
20:49:59.518,0,0.9,0,0,0,0,0,18,381,8343242,-14,-635,-55614952
20:49:59.523,0,0.9,0,0,0,0,0,12,395,8343242,-1,-979,-55614960
20:49:59.528,0,0.9,0,0,0,0,0,12,-1507,8343229,-5,260,-55614952
20:49:59.533,0,0.9,0,0,0,0,0,-68,295,8343241,1,-563,-55614952
20:49:59.538,0,0.9,0,0,0,0,0,-4,370,8343242,7,-374,-55614952
20:49:59.543,0,0.9,0,0,0,0,0,0,-393,8343238,-5,-609,-55614952
20:49:59.548,0,0.9,0,0,0,0,0,-58,-948,8343234,10,-472,-55614952
20:49:59.553,0,0.9,0,0,0,0,0,18,276,8343242,1,-251,-55614952
20:49:59.558,0,0.9,0,0,0,0,0,3,-862,8343234,16,403,-55614952
20:49:59.563,0,0.9,0,0,0,0,0,0,-264,8343238,-5,-137,-55614952
20:49:59.568,0,0.9,0,0,0,0,0,30,399,8343242,3,-61,-55614952
20:49:59.573,0,0.9,0,0,0,0,0,18,-1664,8343229,14,525,-55614952
20:49:59.578,0,0.9,0,0,0,0,0,9,-172,8343241,-13,-142,-55614952
20:49:59.583,0,0.9,0,0,0,0,0,30,2137,8343254,-17,-30,-55614952
20:49:59.589,0,0.9,0,0,0,0,0,3,979,8343247,-19,32,-55614952
20:49:59.594,0,0.9,0,0,0,0,0,15,269,8343241,-7,1909,-55614944
20:49:59.599,0,0.9,0,0,0,0,0,-11,413,8343242,-4,-521,-55614960
20:49:59.604,0,0.9,0,0,0,0,0,15,205,8343241,1,-637,-55614960
20:49:59.609,0,0.9,0,0,0,0,0,-2,-1568,8343242,-27,-230,-55614952
20:49:59.614,0,0.9,0,0,0,0,0,6,-252,8343238,17,-652,-55614960
20:49:59.619,0,0.9,0,0,0,0,0,-8,-335,8343238,7,1012,-55614948
20:49:59.624,0,0.9,0,0,0,0,0,-2,-1048,8343233,-6,-325,-55614952
20:49:59.629,0,0.9,0,0,0,0,0,-31,186,8343241,0,-401,-55614952
20:49:59.634,0,0.9,0,0,0,0,0,-5,-1122,8343233,9,-323,-55614952
20:49:59.639,0,0.9,0,0,0,0,0,6,-1526,8343231,-9,1070,-55614944
20:49:59.644,0,0.9,0,0,0,0,0,-43,-1477,8343231,33,-835,-55614960
20:49:59.649,0,0.9,0,0,0,0,0,-16,-2066,8343226,20,-822,-55614960
20:49:59.654,0,0.9,0,0,0,0,0,3,378,8343242,9,1494,-55614944
20:49:59.659,0,0.9,0,0,0,0,0,-17,-954,8343233,12,-1762,-55614960
20:49:59.664,0,0.9,0,0,0,0,0,9,279,8343242,-30,1250,-55614944
20:49:59.670,0,0.9,0,0,0,0,0,23,193,8343241,0,-408,-55614952
20:49:59.675,0,0.9,0,0,0,0,0,-14,801,8343245,-1,1395,-55614944
20:49:59.680,0,0.9,0,0,0,0,0,-2,-2124,8343226,-46,-1017,-55614960
20:49:59.685,0,0.9,0,0,0,0,0,-14,237,8343241,-8,678,-55614948
20:49:59.690,0,0.9,0,0,0,0,0,3,172,8343241,-5,-1021,-55614960
20:49:59.695,0,0.9,0,0,0,0,0,-17,336,8343242,9,-225,-55614952
20:49:59.700,0,0.9,0,0,0,0,0,-8,385,8343242,-13,-235,-55614952
20:49:59.705,0,0.9,0,0,0,0,0,-8,262,8343241,3,-442,-55614952
20:49:59.710,0,0.9,0,0,0,0,0,-25,-2126,8343226,-11,-196,-55614952
20:49:59.715,0,0.9,0,0,0,0,0,15,137,8343241,5,1504,-55614944
20:49:59.720,0,0.9,0,0,0,0,0,-8,175,8343241,-11,-799,-55614960
20:49:59.725,0,0.9,0,0,0,0,0,3,2024,8343254,15,308,-55614952
20:49:59.730,0,0.9,0,0,0,0,0,-50,397,8343242,-26,-1098,-55614960
20:49:59.735,0,0.9,0,0,0,0,0,29,-365,8343238,5,513,-55614948
20:49:59.740,0,0.9,0,0,0,0,0,-15,1063,8343247,-9,-554,-55614952
20:49:59.745,0,0.9,0,0,0,0,0,25,398,8343242,2,84,-55614952
20:49:59.750,0,0.9,0,0,0,0,0,-1,281,8343242,-1,-503,-55614952
20:49:59.756,0,0.9,0,0,0,0,0,12,-1073,8343233,8,346,-55614952
20:49:59.761,0,0.9,0,0,0,0,0,-14,152,8343241,-40,-967,-55614960
20:49:59.766,0,0.9,0,0,0,0,0,3,320,8343242,0,-898,-55614960
20:49:59.771,0,0.9,0,0,0,0,0,12,2182,8343241,1,-567,-55614952
20:49:59.776,0,0.9,0,0,0,0,0,-2,380,8343242,0,-522,-55614952
20:49:59.781,0,0.9,0,0,0,0,0,18,-437,8343238,4,-729,-55614952
20:49:59.786,0,0.9,0,0,0,0,0,-5,-921,8343234,10,1791,-55614940
20:49:59.791,0,0.9,0,0,0,0,0,0,268,8343241,-31,1859,-55614940
20:49:59.796,0,0.9,0,0,0,0,0,-8,-290,8343238,10,1521,-55614944
20:49:59.801,0,0.9,0,0,0,0,0,-2,265,8343241,-8,-254,-55614952
20:49:59.811,0,0.9,0,0,0,0,0,0,-1017,8343241,-3,-58,-55614952
20:49:59.816,0,0.9,0,0,0,0,0,3,405,8343242,4,-292,-55614952
20:49:59.821,0,0.9,0,0,0,0,0,3,1038,8343247,5,-327,-55614952
20:49:59.821,0,0.9,0,0,0,0,0,-14,-229,8343238,5,-804,-55614960
20:49:59.826,0,0.9,0,0,0,0,0,3,-1647,8343229,-2,371,-55614952
20:49:59.831,0,0.9,0,0,0,0,0,6,384,8343242,-20,881,-55614948
20:49:59.836,0,0.9,0,0,0,0,0,63,-1105,8343233,11,-467,-55614952
20:49:59.842,0,0.9,0,0,0,0,0,9,173,8343241,-6,-893,-55614960
20:49:59.847,0,0.9,0,0,0,0,0,3,-957,8343234,17,-466,-55614952
20:49:59.852,0,0.9,0,0,0,0,0,9,396,8343242,37,-974,-55614960
20:49:59.857,0,0.9,0,0,0,0,0,-14,-209,8343238,5,1611,-55614944
20:49:59.862,0,0.9,0,0,0,0,0,21,389,8343242,0,-829,-55614960
20:49:59.867,0,0.9,0,0,0,0,0,-28,402,8343242,-9,1421,-55614944
20:49:59.872,0,0.9,0,0,0,0,0,-21,396,8343242,-13,825,-55614948
20:49:59.877,0,0.9,0,0,0,0,0,15,394,8343242,12,-215,-55614952
20:49:59.882,0,0.9,0,0,0,0,0,0,278,8343241,5,1541,-55614944
20:49:59.887,0,0.9,0,0,0,0,0,-11,-1548,8343231,-5,1361,-55614944
20:49:59.892,0,0.9,0,0,0,0,0,12,360,8343242,1,1369,-55614944
20:49:59.897,0,0.9,0,0,0,0,0,119,1691,8343250,2,-497,-55614952
20:49:59.902,0,0.9,0,0,0,0,0,3,-165,8343238,-11,6,-55614952
20:49:59.907,0,0.9,0,0,0,0,0,-14,922,8343245,-8,134,-55614952
20:49:59.912,0,0.9,0,0,0,0,0,27,-827,8343234,-9,-674,-55614952
20:49:59.917,0,0.9,0,0,0,0,0,-40,-1610,8343229,-19,1150,-55614944
20:49:59.922,0,0.9,0,0,0,0,0,9,-354,8343238,-4,917,-55614944
20:49:59.927,0,0.9,0,0,0,0,0,6,-855,8343238,4,-1434,-55614960
20:49:59.932,0,0.9,0,0,0,0,0,3,275,8343241,22,931,-55614944
20:49:59.937,0,0.9,0,0,0,0,0,-5,-489,8343238,-6,-1312,-55614960
20:49:59.943,0,0.9,0,0,0,0,0,0,385,8343242,10,-801,-55614952
20:49:59.948,0,0.9,0,0,0,0,0,0,374,8343242,9,-861,-55614952
20:49:59.953,0,0.9,0,0,0,0,0,6,-1517,8343231,21,-823,-55614952
20:49:59.958,0,0.9,0,0,0,0,0,-5,-801,8343234,-15,-1197,-55614960
20:49:59.963,0,0.9,0,0,0,0,0,48,-229,8343238,19,1186,-55614944
20:49:59.968,0,0.9,0,0,0,0,0,2,-285,8343238,-5,-1012,-55614960
20:49:59.973,0,0.9,0,0,0,0,0,12,207,8343241,8,-589,-55614952
20:49:59.978,0,0.9,0,0,0,0,0,-35,182,8343241,11,-384,-55614952
20:49:59.983,0,0.9,0,0,0,0,0,-5,-1084,8343233,-4,-955,-55614960
20:49:59.988,0,0.9,0,0,0,0,0,-14,-834,8343234,-3,902,-55614944
20:49:59.993,0,0.9,0,0,0,0,0,21,383,8343242,7,-449,-55614952
20:49:59.998,0,0.9,0,0,0,0,0,3,197,8343241,-28,967,-55614944
20:50:00.003,0,0.9,0,0,0,0,0,-37,307,8343242,-9,1536,-55614944
20:50:00.008,0,0.9,0,0,0,0,0,-14,149,8343241,-2,-463,-55614952
20:50:00.013,0,0.9,0,0,0,0,0,0,1479,8343249,22,-341,-55614952
20:50:00.018,0,0.9,0,0,0,0,0,-2,-191,8343238,-3,-1001,-55614960
20:50:00.023,0,0.9,0,0,0,0,0,-5,-221,8343238,24,233,-55614952
20:50:00.028,0,0.9,0,0,0,0,0,6,-1527,8343231,-8,1303,-55614944
20:50:00.034,0,0.9,0,0,0,0,0,0,184,8343241,-18,1367,-55614944
20:50:00.039,0,0.9,0,0,0,0,0,3,418,8343242,-9,10,-55614952
20:50:00.044,0,0.9,0,0,0,0,0,10,-1026,8343233,-5,-14,-55614952
20:50:00.049,0,0.9,0,0,0,0,0,-26,133,8343241,-23,1344,-55614944
20:50:00.054,0,0.9,0,0,0,0,0,0,284,8343242,-1,-848,-55614952
20:50:00.059,0,0.9,0,0,0,0,0,9,-1710,8343229,-3,-1311,-55614960
20:50:00.064,0,0.9,0,0,0,0,0,6,247,8343241,6,-745,-55614952
20:50:00.069,0,0.9,0,0,0,0,0,-2,-395,8343238,2,15,-55614952
20:50:00.074,0,0.9,0,0,0,0,0,-1,229,8343241,-18,625,-55614944
20:50:00.079,0,0.9,0,0,0,0,0,6,192,8343241,-24,-561,-55614952
20:50:00.084,0,0.9,0,0,0,0,0,15,-973,8343233,25,-31,-55614952
20:50:00.089,0,0.9,0,0,0,0,0,0,239,8343241,2,-398,-55614952
20:50:00.094,0,0.9,0,0,0,0,0,-5,210,8343241,-2,1434,-55614944
20:50:00.099,0,0.9,0,0,0,0,0,-29,377,8343242,-5,1848,-55614940
20:50:00.104,0,0.9,0,0,0,0,0,9,-1628,8343229,27,-574,-55614952
20:50:00.109,0,0.9,0,0,0,0,0,-2,-233,8343238,-19,-1007,-55614960
20:50:00.114,0,0.9,0,0,0,0,0,-2,-343,8343238,-7,1316,-55614944
20:50:00.119,0,0.9,0,0,0,0,0,33,321,8343242,-13,-1081,-55614960
20:50:00.125,0,0.9,0,0,0,0,0,24,297,8343242,-6,-46,-55614952
20:50:00.130,0,0.9,0,0,0,0,0,23,-1493,8343231,-17,1989,-55614940
20:50:00.135,0,0.9,0,0,0,0,0,-2,345,8343241,1,-364,-55614952
20:50:00.140,0,0.9,0,0,0,0,0,0,323,8343242,-10,247,-55614952
20:50:00.145,0,0.9,0,0,0,0,0,-11,1475,8343249,1,-338,-55614952
20:50:00.150,0,0.9,0,0,0,0,0,12,-298,8343238,-3,-436,-55614952
20:50:00.155,0,0.9,0,0,0,0,0,0,445,8343242,-2,-501,-55614952
20:50:00.160,0,0.9,0,0,0,0,0,6,-1007,8343233,21,1998,-55614940
20:50:00.165,0,0.9,0,0,0,0,0,9,147,8343241,1,17,-55614952
20:50:00.170,0,0.9,0,0,0,0,0,24,-988,8343238,-6,1480,-55614944
20:50:00.175,0,0.9,0,0,0,0,0,6,247,8343241,7,-1045,-55614960
20:50:00.180,0,0.9,0,0,0,0,0,-7,-879,8343234,8,213,-55614952
20:50:00.185,0,0.9,0,0,0,0,0,7,-952,8343233,1,-941,-55614960
20:50:00.190,0,0.9,0,0,0,0,0,45,-798,8343234,-26,-1050,-55614960
20:50:00.195,0,0.9,0,0,0,0,0,10,-137,8343238,-20,-540,-55614952
20:50:00.200,0,0.9,0,0,0,0,0,-17,-857,8343234,-3,-470,-55614952
20:50:00.206,0,0.9,0,0,0,0,0,24,1053,8343247,0,-410,-55614952
20:50:00.211,0,0.9,0,0,0,0,0,-2,972,8343245,7,-459,-55614952
20:50:00.216,0,0.9,0,0,0,0,0,-8,259,8343241,20,1048,-55614948
20:50:00.221,0,0.9,0,0,0,0,0,-14,-857,8343234,-22,-211,-55614952
20:50:00.226,0,0.9,0,0,0,0,0,15,236,8343241,20,1782,-55614944
20:50:00.231,0,0.9,0,0,0,0,0,-17,-1014,8343247,0,-766,-55614960
20:50:00.236,0,0.9,0,0,0,0,0,-14,836,8343245,16,359,-55614952
20:50:00.241,0,0.9,0,0,0,0,0,0,1568,8343250,20,-214,-55614952
20:50:00.246,0,0.9,0,0,0,0,0,-2,197,8343241,4,-1,-55614952
20:50:00.251,0,0.9,0,0,0,0,0,23,778,8343245,24,739,-55614952
20:50:00.256,0,0.9,0,0,0,0,0,-23,110,8343242,-4,47,-55614952
20:50:00.261,0,0.9,0,0,0,0,0,0,327,8343242,12,943,-55614948
20:50:00.266,0,0.9,0,0,0,0,0,26,386,8343242,2,1613,-55614944
20:50:00.271,0,0.9,0,0,0,0,0,15,955,8343247,7,-344,-55614952
20:50:00.276,0,0.9,0,0,0,0,0,-17,1377,8343249,-23,-312,-55614952
20:50:00.282,0,0.9,0,0,0,0,0,0,-1057,8343233,18,-816,-55614960
20:50:00.287,0,0.9,0,0,0,0,0,3,-1111,8343233,-12,-802,-55614960
20:50:00.292,0,0.9,0,0,0,0,0,12,-864,8343234,6,313,-55614952
20:50:00.297,0,0.9,0,0,0,0,0,3,166,8343241,4,-129,-55614952
20:50:00.302,0,0.9,0,0,0,0,0,29,337,8343242,-29,-398,-55614960
20:50:00.307,0,0.9,0,0,0,0,0,-44,2113,8343254,14,-338,-55614960
20:50:00.312,0,0.9,0,0,0,0,0,-5,266,8343242,-19,208,-55614952
20:50:00.318,0,0.9,0,0,0,0,0,18,2177,8343254,-24,1245,-55614948
20:50:00.323,0,0.9,0,0,0,0,0,3,-1082,8343233,2,-44,-55614952
20:50:00.328,0,0.9,0,0,0,0,0,-5,311,8343242,-11,1874,-55614944
20:50:00.333,0,0.9,0,0,0,0,0,-11,-1449,8343231,-8,-1413,-55614964
20:50:00.338,0,0.9,0,0,0,0,0,-8,402,8343242,18,-258,-55614952
20:50:00.343,0,0.9,0,0,0,0,0,-2,-198,8343238,7,-60,-55614952
20:50:00.349,0,0.9,0,0,0,0,0,12,-966,8343233,-17,-396,-55614952
20:50:00.354,0,0.9,0,0,0,0,0,0,-231,8343238,32,-388,-55614952
20:50:00.359,0,0.9,0,0,0,0,0,3,1406,8343249,-1,2060,-55614940
20:50:00.364,0,0.9,0,0,0,0,0,12,289,8343242,6,-439,-55614952
20:50:00.369,0,0.9,0,0,0,0,0,-23,112,8343241,-16,-352,-55614952
20:50:00.374,0,0.9,0,0,0,0,0,24,-1020,8343233,-27,-705,-55614960
20:50:00.379,0,0.9,0,0,0,0,0,12,-2151,8343226,-8,19,-55614952
20:50:00.384,0,0.9,0,0,0,0,0,0,-428,8343238,-20,1018,-55614948
20:50:00.389,0,0.9,0,0,0,0,0,-8,-810,8343234,12,-259,-55614952
20:50:00.394,0,0.9,0,0,0,0,0,-8,1500,8343249,-3,-244,-55614952
20:50:00.399,0,0.9,0,0,0,0,0,9,-1579,8343229,-25,-614,-55614952
20:50:00.405,0,0.9,0,0,0,0,0,-17,-304,8343238,-3,-28,-55614952
20:50:00.410,0,0.9,0,0,0,0,0,-3,-817,8343234,-16,-509,-55614960
20:50:00.415,0,0.9,0,0,0,0,0,-5,291,8343241,-20,174,-55614952
20:50:00.420,0,0.9,0,0,0,0,0,-41,459,8343242,5,1869,-55614944
20:50:00.425,0,0.9,0,0,0,0,0,-5,877,8343245,-11,600,-55614952
20:50:00.430,0,0.9,0,0,0,0,0,0,240,8343241,-19,-49,-55614952
20:50:00.435,0,0.9,0,0,0,0,0,29,-1451,8343231,-15,-524,-55614960
20:50:00.440,0,0.9,0,0,0,0,0,-8,445,8343242,26,-72,-55614952
20:50:00.445,0,0.9,0,0,0,0,0,-54,-1522,8343231,20,-698,-55614960
20:50:00.450,0,0.9,0,0,0,0,0,18,-833,8343234,-4,-125,-55614952
20:50:00.455,0,0.9,0,0,0,0,0,6,-990,8343242,19,-721,-55614960
20:50:00.460,0,0.9,0,0,0,0,0,9,361,8343242,31,-228,-55614952
20:50:00.465,0,0.9,0,0,0,0,0,44,928,8343247,-11,-214,-55614952
20:50:00.470,0,0.9,0,0,0,0,0,0,138,8343241,23,403,-55614952
20:50:00.475,0,0.9,0,0,0,0,0,-8,137,8343241,5,-360,-55614952
20:50:00.481,0,0.9,0,0,0,0,0,3,-870,8343234,-6,-435,-55614952
20:50:00.486,0,0.9,0,0,0,0,0,6,395,8343242,-1,1600,-55614944
20:50:00.491,0,0.9,0,0,0,0,0,24,-1045,8343233,-3,-355,-55614952
20:50:00.496,0,0.9,0,0,0,0,0,6,410,8343242,1,898,-55614948
20:50:00.501,0,0.9,0,0,0,0,0,0,334,8343242,21,-262,-55614952
20:50:00.506,0,0.9,0,0,0,0,0,-14,358,8343242,38,-776,-55614960
20:50:00.511,0,0.9,0,0,0,0,0,-14,-265,8343238,5,-185,-55614952
20:50:00.516,0,0.9,0,0,0,0,0,-26,436,8343242,0,-211,-55614952
20:50:00.521,0,0.9,0,0,0,0,0,-2,2242,8343254,-11,1772,-55614944
20:50:00.526,0,0.9,0,0,0,0,0,20,-1529,8343231,-19,-376,-55614952
20:50:00.531,0,0.9,0,0,0,0,0,-2,-421,8343238,-20,1555,-55614944
20:50:00.536,0,0.9,0,0,0,0,0,0,421,8343242,6,-84,-55614952
20:50:00.541,0,0.9,0,0,0,0,0,19,-432,8343238,-18,-316,-55614952
20:50:00.546,0,0.9,0,0,0,0,0,-8,-292,8343238,-11,1667,-55614944
20:50:00.552,0,0.9,0,0,0,0,0,-20,358,8343242,-2,2030,-55614940
20:50:00.557,0,0.9,0,0,0,0,0,5,278,8343241,4,660,-55614948
20:50:00.562,0,0.9,0,0,0,0,0,-44,233,8343241,-5,-736,-55614952
20:50:00.567,0,0.9,0,0,0,0,0,-20,380,8343242,-10,749,-55614944
20:50:00.572,0,0.9,0,0,0,0,0,-23,198,8343241,0,1963,-55614940
20:50:00.577,0,0.9,0,0,0,0,0,-11,266,8343241,-6,1881,-55614940
20:50:00.582,0,0.9,0,0,0,0,0,21,267,8343241,-2,-514,-55614952
20:50:00.587,0,0.9,0,0,0,0,0,-5,228,8343241,-5,-335,-55614952
20:50:00.592,0,0.9,0,0,0,0,0,-2,-355,8343238,-14,-761,-55614960
20:50:00.597,0,0.9,0,0,0,0,0,-2,818,8343245,-4,-693,-55614960
20:50:00.602,0,0.9,0,0,0,0,0,3,193,8343241,-24,-246,-55614952
20:50:00.607,0,0.9,0,0,0,0,0,-2,-274,8343238,10,-372,-55614952
20:50:00.613,0,0.9,0,0,0,0,0,-13,1022,8343247,-6,383,-55614952
20:50:00.618,0,0.9,0,0,0,0,0,-5,-220,8343238,-5,-286,-55614952
20:50:00.623,0,0.9,0,0,0,0,0,-22,-1478,8343231,9,1075,-55614944
20:50:00.628,0,0.9,0,0,0,0,0,27,828,8343245,-10,935,-55614948
20:50:00.634,0,0.9,0,0,0,0,0,-26,-277,8343238,8,1688,-55614944
20:50:00.639,0,0.9,0,0,0,0,0,36,-226,8343238,-13,-194,-55614952
20:50:00.644,0,0.9,0,0,0,0,0,-8,-200,8343238,-8,-791,-55614960
20:50:00.649,0,0.9,0,0,0,0,0,5,1414,8343249,25,-191,-55614952
20:50:00.654,0,0.9,0,0,0,0,0,0,942,8343245,0,-283,-55614952
20:50:00.659,0,0.9,0,0,0,0,0,6,-2001,8343226,2,1744,-55614944
20:50:00.664,0,0.9,0,0,0,0,0,-38,-1004,8343233,-17,440,-55614952
20:50:00.669,0,0.9,0,0,0,0,0,6,247,8343241,-2,-761,-55614960
20:50:00.674,0,0.9,0,0,0,0,0,0,-342,8343238,12,-673,-55614960
20:50:00.679,0,0.9,0,0,0,0,0,73,-1515,8343231,14,-690,-55614960
20:50:00.684,0,0.9,0,0,0,0,0,6,305,8343242,-4,-220,-55614952
20:50:00.690,0,0.9,0,0,0,0,0,15,-1076,8343233,-2,1124,-55614948
20:50:00.695,0,0.9,0,0,0,0,0,12,397,8343242,-19,-700,-55614960
20:50:00.700,0,0.9,0,0,0,0,0,-2,238,8343241,-16,-12,-55614952
20:50:00.705,0,0.9,0,0,0,0,0,-2,1512,8343249,37,3,-55614952
20:50:00.710,0,0.9,0,0,0,0,0,12,393,8343242,4,-262,-55614952
20:50:00.715,0,0.9,0,0,0,0,0,9,-2131,8343226,-3,-204,-55614952
20:50:00.720,0,0.9,0,0,0,0,0,6,785,8343245,-14,-195,-55614952
20:50:00.725,0,0.9,0,0,0,0,0,3,807,8343245,14,-191,-55614952
20:50:00.730,0,0.9,0,0,0,0,0,18,-2170,8343238,0,894,-55614948
20:50:00.735,0,0.9,0,0,0,0,0,-26,488,8343241,6,-340,-55614952
20:50:00.740,0,0.9,0,0,0,0,0,0,394,8343242,-5,-363,-55614952
20:50:00.745,0,0.9,0,0,0,0,0,-14,-1452,8343231,-8,1053,-55614944
20:50:00.750,0,0.9,0,0,0,0,0,6,500,8343242,-5,337,-55614952
20:50:00.755,0,0.9,0,0,0,0,0,-26,934,8343245,-6,-467,-55614952
20:50:00.761,0,0.9,0,0,0,0,0,6,805,8343245,0,-924,-55614960
20:50:00.766,0,0.9,0,0,0,0,0,9,-1460,8343231,-31,1732,-55614944
20:50:00.771,0,0.9,0,0,0,0,0,18,-808,8343234,12,-725,-55614960
20:50:00.776,0,0.9,0,0,0,0,0,3,330,8343241,-14,-666,-55614960
20:50:00.781,0,0.9,0,0,0,0,0,-8,527,8343242,0,-164,-55614952
20:50:00.786,0,0.9,0,0,0,0,0,12,428,8343242,3,-215,-55614952
20:50:00.791,0,0.9,0,0,0,0,0,15,940,8343245,5,-269,-55614952
20:50:00.796,0,0.9,0,0,0,0,0,-11,-1059,8343233,-10,-266,-55614952
20:50:00.801,0,0.9,0,0,0,0,0,3,-956,8343233,7,-147,-55614952
20:50:00.806,0,0.9,0,0,0,0,0,60,375,8343241,0,-200,-55614952
20:50:00.811,0,0.9,0,0,0,0,0,-2,459,8343242,-16,-644,-55614960
20:50:00.816,0,0.9,0,0,0,0,0,-14,287,8343241,4,-124,-55614952
20:50:00.821,0,0.9,0,0,0,0,0,3,533,8343242,-14,-146,-55614952
20:50:00.826,0,0.9,0,0,0,0,0,-5,470,8343242,-11,-194,-55614952
20:50:00.831,0,0.9,0,0,0,0,0,9,207,8343241,-8,-151,-55614952
20:50:00.837,0,0.9,0,0,0,0,0,9,153,8343241,-1,-642,-55614960
20:50:00.842,0,0.9,0,0,0,0,0,18,-1630,8343229,3,-149,-55614952
20:50:00.847,0,0.9,0,0,0,0,0,-28,-891,8343234,-9,-59,-55614952
20:50:00.852,0,0.9,0,0,0,0,0,-2,251,8343241,-6,1045,-55614948
20:50:00.857,0,0.9,0,0,0,0,0,12,248,8343241,15,-654,-55614960
20:50:00.862,0,0.9,0,0,0,0,0,3,374,8343242,12,-148,-55614952
20:50:00.867,0,0.9,0,0,0,0,0,12,-946,8343234,2,-16,-55614952
20:50:00.872,0,0.9,0,0,0,0,0,21,301,8343242,-2,-103,-55614952
20:50:00.877,0,0.9,0,0,0,0,0,-14,-1519,8343231,20,-13,-55614952
20:50:00.883,0,0.9,0,0,0,0,0,-8,240,8343241,4,1941,-55614944
20:50:00.888,0,0.9,0,0,0,0,0,15,-870,8343234,-8,-216,-55614952
20:50:00.893,0,0.9,0,0,0,0,0,-42,198,8343241,4,-92,-55614952
20:50:00.898,0,0.9,0,0,0,0,0,-23,219,8343241,9,1093,-55614948
20:50:00.904,0,0.9,0,0,0,0,0,-17,336,8343242,0,454,-55614952
20:50:00.909,0,0.9,0,0,0,0,0,-37,-1545,8343231,-6,-184,-55614952
20:50:00.914,0,0.9,0,0,0,0,0,-32,355,8343242,-14,-666,-55614960
20:50:00.919,0,0.9,0,0,0,0,0,-40,-1502,8343231,0,-235,-55614952
20:50:00.924,0,0.9,0,0,0,0,0,6,348,8343242,-12,1023,-55614948
20:50:00.929,0,0.9,0,0,0,0,0,15,-842,8343234,-6,613,-55614952
20:50:00.934,0,0.9,0,0,0,0,0,-11,-1497,8343231,-11,403,-55614952
20:50:00.939,0,0.9,0,0,0,0,0,-58,-1053,8343233,-10,1842,-55614944
20:50:00.944,0,0.9,0,0,0,0,0,-22,796,8343245,-3,-695,-55614960
20:50:00.949,0,0.9,0,0,0,0,0,3,-1701,8343229,17,450,-55614952
20:50:00.954,0,0.9,0,0,0,0,0,-8,-858,8343234,30,-679,-55614960
20:50:00.960,0,0.9,0,0,0,0,0,-2,-1730,8343229,-4,-605,-55614960
20:50:00.965,0,0.9,0,0,0,0,0,3,400,8343242,1,-539,-55614960
20:50:00.970,0,0.9,0,0,0,0,0,-11,318,8343242,8,-92,-55614952
20:50:00.975,0,0.9,0,0,0,0,0,27,155,8343241,9,-519,-55614960
20:50:00.980,0,0.9,0,0,0,0,0,50,-1461,8343231,0,-28,-55614952
20:50:00.985,0,0.9,0,0,0,0,0,33,-141,8343238,-1,-526,-55614960
20:50:00.990,0,0.9,0,0,0,0,0,31,-742,8343234,-8,-1124,-55614960
20:50:00.995,0,0.9,0,0,0,0,0,21,-162,8343238,14,-1032,-55614960
20:50:01.000,0,0.9,0,0,0,0,0,-29,1067,8343247,-8,158,-55614952
20:50:01.005,0,0.9,0,0,0,0,0,9,840,8343245,-7,235,-55614952
20:50:01.010,0,0.9,0,0,0,0,0,21,-255,8343238,3,78,-55614952
20:50:01.015,0,0.9,0,0,0,0,0,-8,332,8343242,0,100,-55614952
20:50:01.020,0,0.9,0,0,0,0,0,0,923,8343245,2,70,-55614952
20:50:01.025,0,0.9,0,0,0,0,0,42,-325,8343238,-3,65,-55614952
20:50:01.031,0,0.9,0,0,0,0,0,0,1443,8343249,3,-300,-55614960
20:50:01.036,0,0.9,0,0,0,0,0,12,-853,8343234,-6,-996,-55614960
20:50:01.041,0,0.9,0,0,0,0,0,-11,-285,8343238,-6,87,-55614952
20:50:01.046,0,0.9,0,0,0,0,0,-26,296,8343241,25,-391,-55614960
20:50:01.051,0,0.9,0,0,0,0,0,12,-188,8343238,18,-419,-55614960
20:50:01.056,0,0.9,0,0,0,0,0,-17,949,8343247,-17,99,-55614952
20:50:01.061,0,0.9,0,0,0,0,0,23,319,8343241,-7,116,-55614952
20:50:01.066,0,0.9,0,0,0,0,0,29,-480,8343238,-22,-966,-55614960
20:50:01.071,0,0.9,0,0,0,0,0,12,309,8343242,0,-541,-55614960
20:50:01.076,0,0.9,0,0,0,0,0,-5,-1707,8343229,-2,294,-55614952
20:50:01.081,0,0.9,0,0,0,0,0,-2,341,8343242,-7,-507,-55614960
20:50:01.086,0,0.9,0,0,0,0,0,3,244,8343241,-7,1563,-55614944
20:50:01.091,0,0.9,0,0,0,0,0,9,170,8343241,-1,2178,-55614944
20:50:01.096,0,0.9,0,0,0,0,0,9,448,8343242,-1,208,-55614952
20:50:01.101,0,0.9,0,0,0,0,0,-5,-385,8343238,11,-204,-55614960
20:50:01.107,0,0.9,0,0,0,0,0,-2,219,8343241,-21,-117,-55614960
20:50:01.112,0,0.9,0,0,0,0,0,24,-387,8343238,-3,-1378,-55614968
20:50:01.117,0,0.9,0,0,0,0,0,6,163,8343241,2,333,-55614952
20:50:01.122,0,0.9,0,0,0,0,0,-2,208,8343241,25,465,-55614952
20:50:01.127,0,0.9,0,0,0,0,0,-48,234,8343241,8,-892,-55614964
20:50:01.132,0,0.9,0,0,0,0,0,9,400,8343242,-21,-57,-55614960
20:50:01.137,0,0.9,0,0,0,0,0,-19,877,8343245,9,-109,-55614960
20:50:01.142,0,0.9,0,0,0,0,0,6,113,8343241,-11,407,-55614952
20:50:01.147,0,0.9,0,0,0,0,0,-11,1395,8343249,8,-205,-55614960
20:50:01.152,0,0.9,0,0,0,0,0,67,-1489,8343231,1,-169,-55614960
